title,artist
PROSPERITY IN DAY TO DAY LIFE KANDHA SASTI KAVASAM,"Zilverzurf,Bosse Skoglund"
SHOESTRINGS,We Are Legends feat. Rodriguez Sisters
IN TOO DEEP,We Are Legends feat. Hana
DEEP IN THE CITY,WE ARE LEGENDS
MONKEY,WE ARE LEGENDS
SEOUL,Wangel feat. Tidewarp
ALIVE,WANGEL
ETERNAL HISTORY,Wangel
GRACE,WANGEL
TIME TO EAT,WANGEL
ANOTHER WORLD,WANGEL
SORROW DRIFT,Wangel
LITHIUM,Wangel
SPINNING HEAD,WANGEL
ON DOING WRONG,WANGEL
FREEDOM,WANGEL
YOU GOT TO SAY IT LOUD,Wangel
FOREIGNER,WANGEL
FALLING,WANGEL
SEOUL TIDEWARP REMIX,WANGEL
REASON,WANGEL
THE DEVIL'S TONGUE,WAGNER
THE DIRT,WAGNER
GOODNIGHT,WAGNER
IN MY FATHER'S HOUSE,WAGNER
OAK TREE,WAGNER
TALLER THAN TALL TREES,WAGNER
WHAT LOVE LOOKS LIKE,WAGNER
1 2 3 4,WAGNER
KÄRLEKEN BRYR SIG INTE,Vit Päls
VARJE STAVELSE,Vit Päls
HALLÅ HATERS,Vit Päls
HÖSTEN TALAR TILL OSS,Vit Päls
HÖSTEN TALAR TILL OSS,Vit Päls
KÖPENHAMN,Vit Päls
MIDDAG FRAMFÖR TV:N,Vit Päls
PARTYN OCH BAKFYLLEDAR,Vit Päls
SIKK FUKK,Vit Päls
SKANÖRSGATAN 4,Vit Päls
SOM EN SKUGGA BREDVID MIG,VIT PÄLS
TRUBBEL,Vit Päls
VARFÖR TITTAR DIN PAPPA SÅ DÄR PÅ MIG?,Vit Päls
LIVET AR UNDERBART,Vit Päls
DÖD OCH EVIGT MÖRKER,Vit Päls
SOV HOS MIG INATT,Vit Päls
KÄRLEK OCH CASH,Vit Päls
BÄTTRE HEMMA,Vit Päls
SEXUELLA FRIGÖRELSEN,Vit Päls
BLODET GNYR,Vit Päls
LÅT EFTERTEXTERNA RULLA I HIMLEN,Vit Päls
INTERLUDE,Vit Päls
MED DITT SKRATT,Vit Päls
ÄGD,Vit Päls
SUCCESS,"Viktor,Samir"
HÖJER BASEN,"Viktor Ax feat. Rozh, Rawa & Abidaz"
SVART ALLT,Viktor Ax Feat. Rez
BÄTTRE NU,Viktor Ax Feat. Rawa Feat. Labyrint
TOG OSS UPP,Viktor Ax feat. Rawa & Dani M
FINNS INGEN,Viktor Ax Feat. Ozzy Feat. Lazee Feat. Adam
100 000,Viktor Ax feat. Mwuana
FVCK AINA MECKA EN TILL,Viktor Ax Feat. Denz
MULTI TALANG,Viktor Ax feat. Delgado
ÖGONEN PÅ VINSTEN,Viktor Ax Feat. Dani M Feat. Ozzy Feat. Abidaz Feat. Piraterna
MASSARI,Viktor Ax Feat. Dani M
SÄKER PLATS,Viktor Ax
INTE EN GÅNG TILL,VIKTOR AX
GROUPIE,VICTOR & SAMIR (MELODIFESTIVAL
ÄNNU EN DAG,Västerbron
OM DU SÄGER DET SÅ ÄR DET SÅ,Västerbron
"RÖD, BLÅ, BRUN",Västerbron
FATTAR INGENTING,Västerbron
DU VISSTE VAD DU VILLE GÖRA MEN DU GJORDE INGET,VäSTERBRON
SLAGEN AV TANKEN,Västerbron
IDIOTOLOGI,Västerbron
PÅMINN MIG,Västerbron
DOM UPPLYSTA,Västerbron
VILSE I VARUHUSET,Västerbron
JAG NOMINERAR MIG SJÄLV,Västerbron
VACCIN,Västerbron
DÖD FÖR MIG,Västerbron
RÄDD FÖR DIN EGEN SKUGGA,Västerbron
PROBLEMEN,Västerbron
SISTA HÅLLPLATSEN,Västerbron
ÄR VI FRAMME SNART,Västerbron
TID FÖR EFTERTANKE,Västerbron
FLYTTA ISÄR,Västerbron
PÅMINN MIG,VÄSTERBRON
SÖDRA SIDAN FEAT. DANJAH,Various Artists
JEANS,USCH FEAT. JASS
SOM EN CHEF,USCH
USCH OCH FY,USCH
CHILLAR HÅRT SOM ALLTID,USCH
SNACKARUOM?,USCH
VAD UPP!?,USCH
WHAT HURTS THE MOST IS KNOWING YOU WANT TO,UNNVEIG AAS
THINGS WILL BE BETTER,Unnveig Aas
WHAT HURTS THE MOST,Unnveig Aas
THANK GOD FOR SPOTIFY,Typewriter Monki
THANK GOD FOR SPOTIFY,Typewriter Monki
MUSIC FOR THE SUNKING,Tonbruket
HÅLL OM DOM,"Tommy Tee,Ken Ring"
TÄÄ KAUPUNKI,TOMMI TORVIKOSKI
UTANFÖRSKAP,TNT
FRÄMLING,TNT
UTANFÖRSKAP,TNT
SJÄLEN AV EN VÄN,Titiyo
ONE HUNDRED YEARS TEN THOUSAND BEATS,"Tiger Forest Cat,Filip Sundberg"
STATUE,"Thell,Smith"
KILL IT WITH LOVE,Thell
SUPER DJ,Thell
DRAG KING,The Soft Eyes
YOUNG ADULT,The Soft Eyes
THERE IS NO AUTHORITY BUT YOURSELF,The Rein
CONCRETE JUNGLE,The Rein
CAN'T HANDLE ME,The Rein
REBEL GIRLS,The Rein
BORN TO DIE,The Rein
I DON'T GET ANYTHING BUT SHIT FROM YOU,The Rein
CREATOR,Temper2
HELL SIN CITY,TEMPER2
SET IT FREE,TEMPER2
YOU CAN HAVE IT ALL,TECH
BOM BOM BLAM BLAM BLAM,Sver
FÖRORT,Stress (Rap)
ALLE JERES LOGNE,STATIC
CHEFPIKKEN,STATIC
DET MIN,STATIC
FLASHY,STATIC
FUCKER RUNDT ALENE,STATIC
HERE I AM,STATIC
OM BAG I KOEN,STATIC
SOM EN VINDER,STATIC
SUCCES,STATIC
VINDEN VENDER,STATIC
DO IT,STATIC
LAGG DIG NED,STATIC
NO FEAR,STATIC
V.I.P,STATIC
ALRIGHT,STATIC
ALT VED DET SAMME,STATIC
BAD SHIT,STATIC
FAT DET,STATIC
HOME,STATIC
INTET TILFALDIGT,STATIC
KEEP SPINNING,STATIC
MURDER,STATIC
RAM GULVET,STATIC
REWIND ME,STATIC
MURDER,STATIC
BÄR MIG,SOLEN
BLÅTT BLOD MIN VÄN ÄR VI,SOLEN
FÖRLORARE,Solen
ESTELLE,Solen
KEDJAN,Solen
LÅT MIG GÅ,Solen
MILJONÄR,Solen
STÄNG IGEN STAN,Solen
SÄMST I VÄRLDEN,Solen
"OLOF, KÄRA OLOF",Solen
LEONORE,Solen
DET BÄSTA JAG GJORT,Solen
ALICIA,Solen
BONADERNA IV,SOFIE LIVEBRANT (TOLKA KARIN B
TILLÄGNAN NR. 10,SOFIE LIVEBRANT (TOLKA KARIN B
TILLÄGNAN NR. 9,SOFIE LIVEBRANT (TOLKA KARIN B
"BEAUTY BE NOT CAUSED, IT IS / O MANO TINGL",Sofie Livebrant
HEART WE WILL FORGET HIM,Sofie Livebrant
I HAVEN'T TOLD MY GARDEN YET,Sofie Livebrant
I'VE NOTHING ELSE TO BRING,Sofie Livebrant
IF I SHOULD DIE AND YOU SHOULD LIVE,Sofie Livebrant
MY WHEEL IS IN THE DARK,Sofie Livebrant
POOR LITTLE HEART,Sofie Livebrant
"SIC TRANSIT GLORIA MUNDI PUT DOWN THE APPLE, ADAM",Sofie Livebrant
SOMETHING,Sofie Livebrant
THERE'S A CERTAIN SLANT OF LIGHT,Sofie Livebrant
THERE'S SOMETHING QUIETER THAN SLEEP,Sofie Livebrant
WHETHER MY BARK WENT DOWN AT SEA,Sofie Livebrant
MOLN,Sofie Livebrant
ÖNSKAN,Sofie Livebrant
BÅL,Sofie Livebrant
SILVER,SOFIE LIVEBRANT
"BREATHE IN, BREATHE OUT",SOFIE LIVEBRANT
"PART BROKEN, PART HOLE",SOFIE LIVEBRANT
"WE ARE HERE, THERE",Sofie Livebrant
CAPTAIN SCOTT,SOFIE LIVEBRANT
TELL ME A STORY PEW I,SOFIE LIVEBRANT
CAPTAIN SCOTT,SOFIE LIVEBRANT
SILVER,SOFIE LIVEBRANT
"PART BROKEN, PART HOLE",SOFIE LIVEBRANT
LOVE IS AN UNARMED INTRUDER,SOFIE LIVEBRANT
THE POT OF FULL STRENGTH SAMSON WAS FINISHED,SOFIE LIVEBRANT
KOM MED MIG,"Sofia Karlsson,Martin Hederos"
VENI VENI EMMANUEL,"Sofia Karlsson,Martin Hederos"
JUL JUL JUL,"Sofia Karlsson,Martin Hederos"
ALDRIG FÖR SENT,"Sofia Karlsson,Martin Hederos"
JULKORTET,"Sofia Karlsson,Martin Hederos"
JULKLOCKOR,"Sofia Karlsson,Martin Hederos"
VINTERNS PASSAGERARE,"Sofia Karlsson,Martin Hederos"
O HELGA NÄTT,SOFIA KARLSSON AND MARTIN HEDE
HÄRLIG ÄR JORDEN,SOFIA KARLSSON AND MARTIN HEDE
SNOWHERE SOFIA KARLSSON VERSION,SOFIA KARLSSON AND MARTIN HEDE
VINTERLÅNG,Sofia Karlsson & Martin Hederos feat. Christian Kjellvander
STADEN I NATTEN,SÖDRASIDAN OR SODERSIDAN
TILL SLUT,SödraSidan feat. Sam-E
FÖR EVIGT DALENBARN,SödraSidan feat. DJ Will-Rock
ILUSION MED DC GRIMSTA,SödraSidan feat. DC Grimsta
SÖDRA SIDAN - REMIX,"SödraSidan feat. Danjah, Sebbe Staxx, Alpis, Mohammed Ali, Näääk &amp; Fille"
MIN HEMSTAD 2014 MED ALPIS OCH FRIDA WINLÖF,SödraSidan feat. Alpis &amp; Frida Winlöf
HELT ÄRLIGT MED ALPIS,SödraSidan feat. Alpis
FALLER MED ALEKS,SödraSidan feat. Aleks
ALLA,Södrasidan
SÖDRA SIDAN FEAT. DANJAH,SödraSidan
FÅNGA DAGEN,Södrasidan
ÄNTLIGEN SOLSKEN,Södrasidan
VI FLYGER,Södrasidan
ÄNTLIGEN SOLSKEN HOFFMAESTRO REGGAE VERSION,SÖDRASIDAN
STÅR TILLSAMMANS,SödraSidan
VÅRAN KVÄLL MED OLLE GRAFSTRÖM FRÅN TJUVJAKT,SödraSidan
"SÖDRA SIDAN REMIX MED DANJAH, SEBBE STAXX, ALPIS, MOHAMMED",SÖDRASIDAN
LANDAT,SödraSidan
VI FAKKAR UPP VÅR VÄRLD,SÖDRASIDAN
ALLT E PRECIS SOM DET SKA VA,SödraSidan
BANKMAN GANGSTER,Snakka San &amp; SVER
KALLA MIG CARL,Snakka San &amp; SVER
STRAIGHT ELLER GAY,SNAKKA SAN & SVER
TRUMAN SHOW,SNAKKA SAN & SVER
PLING PLONG,SNAKKA SAN & SVER
TOAST,SMITH AND THELL
GARDEN OF EDEN,SMITH AND THELL
SOMEBODY LIKE YOU,SMITH AND THELL
SOULPRINTS,SMITH AND THELL
BOILING POINT,SMITH AND THELL
SOMEBODY,SMITH AND THELL
JOSHUAS SONG,Smith &amp; Thell
FEATHERS & GASOLINE,SMITH & THELL
FEBRUARY,Smith & Thell
FARSKALLAR,Sissela Kyle/Askebyskolans barnkör
SHAKI RIDDIM 2014,SIR LEWIS VS KODIE
FLOAT,Simian Ghost
CUT-OFF POINT,Simian Ghost
A MILLION SHINING COLOURS,Simian Ghost
A MILLION SHINING COLOURS,Simian Ghost
AUGUST SUN,Simian Ghost
THE OCEAN IS A WHISPER,Simian Ghost
I WILL SPEAK UNTIL I'M DONE,Simian Ghost
SECRET MEADOW,Simian Ghost
FIGHT EVEN,Simian Ghost
HIDDEN IN YOUR LEAVES,Simian Ghost
BE A GOOD KID,Simian Ghost
SCATTERED AND CARELESS,Simian Ghost
STRANGE LIGHT,Simian Ghost
THE RIVER OUSE,Simian Ghost
ENDLESS CHORD,Simian Ghost
SUMMER TRIPTYCH,Simian Ghost
THE VEIL,SIMIAN GHOST
ECHOES OF SONGS FOR TRISH KEENAN,Simian Ghost
NEVER REALLY KNEW,Simian Ghost
ECHOES OF YOUR HEART,SIMIAN GHOST
EI OO HELPPOO OLLA KESKILUOKKAA,Sere
MAKE IT UP OR LET GO,"Saturday, Monday"
SNÄLLA SNÄLLA,Sarah Riedel
VAD HÄNDER,SARAH RIEDEL
MINNS DU,Sarah Riedel
KOM NU,Sarah Riedel
GENOM NATTEN ORKESTER,SARAH RIEDEL
GENON NATTEN,SARAH RIEDEL
SÄGER DET IGEN,Sarah Riedel
DÄR OCH DÅ,Sarah Riedel
MUTA DAGEN,Sarah Riedel
JAG VILL ATT DU GÅR NU,SARAH RIEDEL
FALLANDE MELODI,Sarah Riedel
DRØMMAR,Sarah Riedel
FREAK,SANDEN
PHOENIX,SANDEN
LIKE NO ONES WATCHING,SANDEN
THESE ARE THE DAYS,"Rodlund,Hewie"
ULTIMATUM,Rodlund &amp; Hewie &amp; B3TA feat. Jonny Rose
MONISMANIA FEAT. ROLAND RICHARDS,Rodlund & Hewie feat. Roland Richards
LYNX,RODLUND & HEWIE
CLIMB,ROBIN MARKEN FEAT CHRIS LONERG
BB FÖR EVIGT,RING
JAG GLÖMMER ALDRIG,RING
HON TOG MITT LIV,RING
JAG SKRIVER FÖR ER,RING
EN DAG,RING
AKTA DIG FÖR POLISEN,RING
BARA GUD VET,RING
BROTT,RING
CAN I SPEAK,RING
FANYA MAMBO,RING
FLASHBACK FRÅN HÄKTET,RING
FÖLJ LAGEN,RING
FÖRORTSKRIGARE,RING
GHETTO FRU,RING
GOD NATT,RING
GRABBARNA DEL 2,RING
HUR TROR NI DET KÄNDES,RING
INGEN HJÄLPER NÄR DOM SVÄLTER,RING
INGET MER JIDDER,RING
INTROT,RING
ISABELLA,RING
KADDO VS BB,RING
KÄNSLAN AV ETT VÄNTRUM,Ring
KNARK,RING
NOTHING,Ring
ORDKRIG,Ring
PÅ NÅTT SÄTT,RING
READY TO BALL,RING
SCARED OF THE REAL ONES,RING
SISTA DANSEN,RING
SLUTET,RING
TÅRAR GENOM TEXTERNA,RING
TILLBAKA,RING
TILLBAKA TILL GATAN,RING
VI LEVER,RING
VI SA TILL DIG,RING
BETONGKYSS,RING
CLUBBISH,RING
DET ÄR ÖVER,RING
DRÖMMEN FRÅN FÖRORTEN,RING
DUMDUMDUM,RING
FINGRET,RING
FÖRORTARE,RING
FORTSÄTT FRAM,RING
FUCK SNUTEN,RING
FUCK U,RING
FUCKING TÅR,RING
GATANS KULTUR,RING
HÅLLER HUVUDET HÖGT,RING
HÄSSELBY STARTEN,RING
HON ÄR DÖD NU,RING
HUNGERSNÖD,RING
IMAGINE,RING
INGA PROBLEM,RING
JAG KÄMPAR,RING
JAG UNDRAR VAD DOM TROR,Ring
JAG VET,RING
LÄNGST UT,RING
LEGEND,RING
MIN BÄSTA VÄN,RING
MITT HUVUD BARA JIDDRAR,RING
NU NÄR DU INTE LÄNGRE FINNS HÄR,RING
OFTA KÄNNS DET SVÅRT,RING
ORD I MIN SJÄL,RING
OSLO,RING
OUFF,RING
PÅ G,RING
"RÅNAREN, BEKNARE OCH MÖRDAREN",RING
SAKTA NER,RING
SE DIG OMKRING,RING
SLAVEN,RING
SMACKA UPP DOM,RING
SOMMAR,RING
SPRÄNG REGERINGEN 2008,RING
SPRING,RING
STÄLL DIG UPP,RING
STROPPIG KVINNA,RING
SVART TID,RING
TÄNK,RING
TIDEN DEN GÅR,RING
TILL ALLA NI,RING
TILL MINA FANS,RING
TJENA,RING
TROLLERIPALATS,RING
TYST,RING
VERS FRESH,RING
VI SÄGER SHU,RING
WAR,RING
POVERTY,RING
MÅ BÄST,RING
DANSA NÄR JAG DÖR,RING
ALDRIG ENSAM,RING
DU OCH JAG,RING
FANGELSET,RING
INSTÄNGD,RING
INTRO,RING
NAAN DAG,RING
ORD TILL EN PRESIDENT,RING
TILL DIANA,RING
TVÅ VÄGAR,RING
MISSFIT,Rein
C.A.P.I.T.A.L.I.S.M ORIGINAL VERSION,REIN
YOU CALL IT DEMOCRACY,REIN
BRUISES,REIN
C.A.P.I.T.A.L.I.S.M,REIN
PENGAR,Rawa
BLICKAR,RAWA
SAMMA SAK,RAWA
INTE SOM DOM,RAWA
DOM RUNT OMKRING DIG,RAWA
SOM MIG,RAWA
SPIT FIRE,PROGRESS EVOLUTION
BROKEN PROMISED LAND,PRIVATE LINE
LAST NIGHT ON EARTH,PRIVATE LINE
TOKYO,PRIVATE LINE
SPELA ÖVER,Parham
ALL IN NO NIIN,PANIK DISCO FEAT. ARTYMOVE
SUDDA,Panetoz
HELA STAN ÄR VÅRT DANSGOLV,Örnsberg
LAULUJEN LAULU,Olli-PA
HETKI ON NYT,OLLI PA AND RICO TUBBS
SAFE AND DUST,NOFORKS
HÅLL HÖGT,NIKE & RÖDA ORKESTERN
ARVET,NIKE & RÖDA ORKESTERN
HOPPAS VI SMÅ,NIKE & RÖDA ORKESTERN
TRÄ OCH BLOD,NIKE & RÖDA ORKESTERN
JAG VILL VA,NIKE & RÖDA ORKESTERN
VAD SKA VI GÖRA MED VARANDRA?,NIKE & RÖDA ORKESTERN
ARE YOU STILL AFRAID,Navet
EKEVIKEN,NAVET
FOR THE SHOW,Navet
FOR THE SUNCHYME ADVENTURE OF MASH-UP REMIX,Navet
RUSH HOUR,N Feat. Abidaz
REDO,N
TOUCHA DEN,MXHXN feat. Jamilla & SamBoii
VENDETTA,"Mwuana, Keya"
FATEWOMALA,MUHAMMED FAAL FLEX
BANG BANG,MUHAMMED FAAL AND FREJ LARSSON
SALAMALEKUM LIVE VERSION,MUHAMMED FAAL AND FREJ LARSSON
BOUT IT,Muhammed Faal
LINDA,MUHAMMED FAAL
SANNING & KONSEKVENS,MUHAMMED FAAL
FOLLOW YOUR HEART,Molitor feat. Lalla
I WANNA ROCK WITH U,MOLITOR AND JOAKIM MOLITOR
HERO,MOLITOR AKA JOAKIM MOLITOR
SVARTA ÖGON,Min Stora Sorg
INGEN BRYR SEJ,Min Stora Sorg
JAG STÅR KVAR,Min Stora Sorg
DET BLIR INTE BÄTTRE,Min Stora Sorg
INTE OK,Min Stora Sorg
HÄMNDEN ÄR LJUV,Min Stora Sorg
UT UR MITT LIVE,Min Stora Sorg
FÖRLÅT,Min Stora Sorg
INTRO,Min Stora Sorg
NÄRA DEJ,Min Stora Sorg
GUD GRÅTER,Min Stora Sorg
ALL SKIT KOMMER TILLBAKA PÅ DEJ,Min Stora Sorg
INTUICION INTRO,Min Stora Sorg
D.L,Min Stora Sorg
I THOUGHT YOU GUYS WERE MY FRIENDS,Min Stora Sorg
MIN STORA SORG,Min Stora Sorg
ANSO&JOANNA,Min Stora Sorg
ANSO&JOHN,Min Stora Sorg
ALDRIG INTE,Min Stora Sorg
DU ÄR INGENTING,MIN STORA SORG
BÖRJAR OM,Mimi Oh
LIGGMANUALEN,Mellony
BONANZA,Mayka
LIE,Mayka
BIRDS,Mayka
CAN'T STOP,Mayka
SAVE YOU WITH MY LOVE,MATERIKAA
SILENTLY WATCHING,Materikaa
THE REAL ME,Materikaa
NO NO NO,Materikaa
COLOURS,MARYLIN
OH MY DARLING CLEMENTINE,"Martin Hederos,Magnus Carlson"
LITE FRIKTION,Martin Hederos
TILLBAKA!,Martin Hederos
KYRKVIKEN,Martin Hederos
FÖDELSEDAGSVALS TILL S,MARTIN HEDEROS
VET INTE,MARTIN HEDEROS
DE ANDRA ALTERNATIVEN,Martin Hederos
SIGNES PSALM,Martin Hederos
SLOTTSKOGEN REVISITED,MARTIN HEDEROS
UR ASKAN,MALCOM B
THE GREEN MAN AND THE FRENCH HORN,MAGNUS ÖSTRÖM
JUNAS,MAGNUS ÖSTRÖM
DOG ON THE BEACH,Magnus Öström
REEDJOYCE REJOICE4,MAGNUS ÖSTRÖM
PARACHUTE,Magnus Öström
THE SHORE OF UNSURE,MAGNUS ÖSTRÖM
KONG HENRI,MAAN
HENNESSY & MD,MAAN
FINESSER,MAAN
I HÄNDERNA PÅ LIVET,"Lisa Nilsson,Erik Söderlind"
DANSA SAKTA,Linus Svenning
EN TID AV ENSAMHET,LEPPEN
VÄND DIG OM,LEPPEN
HÄR OCH NU,LEPPEN
SAMS,LEPPEN
NÄRA TILL SIST,LEPPEN
TÄNK ATT FÅ,LEPPEN
ISTÄLLETFÖRATTPRATA,leppen
DREAM ON,Lena Swanberg
ANGERED UNITED SUITE,LEIF JORDONSSON
THE SOUND OF SOMEONE YOU LOVE,Leif Jordansson
NEVER AN ABSOLUTION,Leif Jordansson
BURLESQUEKLUBB,LEIF JORDANSSON
GLIDE,LEIF JORDANSSON
N.WAVES,LEIF JORDANSSON
EMPTY MAGIC,LEIF JORDANSSON
ALL IN THE MAKING,LEIF JORDANSSON
HOW WHY WHEN,LEIF JORDANSSON
IN THE AGE OF FEAR,LEIF JORDANSSON
DYING STAR,LEIF JORDANSSON
MY NAME IS PLUTO,LEIF JORDANSSON
MISSING SOCKS,LEIF JORDANSSON
FARTHEST STAR,LEIF JORDANSSON
OPENING A BOX,LEIF JORDANSSON
HOLE IN CONTROL,LEIF JORDANSSON
WHAT IS REALLY GOING ON,LEIF JORDANSSON
SNOW,LEIF JORDANSSON
PARASOLLDANS,LEIF JORDANSSON
TIDEN GÅR FÖR FORT,LEIF JORDANSSON
JOCKEY SUITE,LEIF JORDANSSN
OH GOD,Lars Bygdén
ALL NIGHT LONG,Kodie
TORNADO,Kodie
LOVE YOUR VIBE,Kodie
TJEJEN SOM BERÖR MIG,Klockrent!
ÅT SAMMA HÅLL,Kiihjano & J.K.
KIIHJANO - EN PLATS REGGAE ANTHEM,Kiihjano
LINDA LINDA,KHORCHID
BANG BANG FEAT. SIMON MATTIWOS,Keya feat. Simon Mattiwos
EVIGHET,Keya feat. Samia
HÖRNET REMIX,"Keya feat. Ison & Fille, Ken Ring, Denz, Chris & Fada, DJ 2Much, Momz & Zeki"
FINNA SANNINGEN,KEYA
VAD HÄNDER LEN,KEYA
LEYLA,Keya
ÄRRADE FÖR LIVET,Keya
164,Keya
HÖRNET,Keya
BABY BLÅ,Keya
FARBRORS PIZZERIA,Keya
NYANSER AV BLÅ,Keya
"VÄRSTERORT / MASA MUSIC FT LEGEND RING, KEYA OCH CHRIS","Ken Ring,DJ 2Much"
SLIRAR GENOM KURVAN / MURDAH FT JOHNNY VIGETI,"Ken Ring,DJ 2Much"
TRAPPEN / NEGER FT KEYA,"Ken Ring,DJ 2Much"
LÄNGESEN SIST / FRÅN BOTTEN TILL TOPPEN,"Ken Ring,DJ 2Much"
FORTFARANDE / SÅG EN VÄRLD FT SIMON,"Ken Ring,DJ 2Much"
SPEGELN,Ken Ring feat. Viktor Ax
SVARTSKALLE,Ken Ring feat. Samia
LIVET,Ken Ring feat. Samia
BIKTEN,Ken Ring feat. Samia
BENGEN SPANAR,"Ken Ring feat. Medina, Allyawan &amp; Kaliffa"
LYCKAS ÄR ETT MÅSTE KEN RING FEAT. KEYA,Ken Ring feat. Keya
WHEN U SEE MI,Ken Ring feat. Chris o Fada & Mavado
FORORTEN IGEN,Ken Ring feat. Alladin Ashkar
HOODEN,Ken Ring feat. Abidaz & Zeki
DON RENE FEAT. SAMIA,KEN RING FEAT SAMIA
CAD HÄNDER LEN,KEN RING FEAT KEYA
ELDSJÄL,Ken Ring & Linnea Samia Khalil
DU OCH JAG TILL MINNE AV JOHAN,KEN RING  FEAT LINNEA SAMIA KH
DISSEN,KEN RING
SPRÄNG ALLIHOPA,Ken Ring
ALLANBALLAN,Ken Ring
GHETTO ROMANTIK,Ken Ring
INTRO MIXTAPE,Ken Ring
NANJA,Ken Ring
OUTRO MIXTAPE,Ken Ring
UPPSTAR,Ken Ring
EN KVINNA,Ken Ring
FLY AWAY,Ken Ring
FOR U I RIDE,Ken Ring
MITT I,Ken Ring
NU FÅR HON VILA I FRID,Ken Ring
SOFTAR RUNT,Ken Ring
SPRANG REGERINGEN,KEN RING
SKILDA VÄGAR 2,Ken Ring
TROGEN,Ken Ring
LÅT HAN GÅ NU,Ken Ring
JAG MECKAR EN ZUTLA,Ken Ring
E DET SANT KEN,Ken Ring
FREESTYLE,KEN RING
PRIVATFEST,Ken Ring
DET SOM AER KVAR,Ken Ring
FORTSÄTT SOVA,Ken Ring
MORMOR,Ken Ring
ENSAMMA MAMMOR,Ken Ring
TITTAR NER,Ken Ring
PAPPA,Ken Ring
MITT LIV PÅ 16 RADER,Ken Ring
CASH,Ken Ring
STOCKHOLM CITY,KEN RING
PRINSESSA,Ken Ring
COLOMBIA,Ken Ring
GER DIG ALLT JAG HAR,Ken Ring
VI SES IGEN,Ken Ring
TILLBAKA I TIDEN,KEN RING
ZOSTAN,KASIA POPOWSKA
HAIPIS LIIKUN KAUPUNKIIN,Kalle Kinos feat. Särre & Rico Tubbs
EI KOSKAAN KOTIIN,Kalle Kinos feat. Rico Tubbs
SYVÄ ÄTMÖS,Kalle Kinos
PANG BOM KRASCH,Kajsa Grytt
KOMETER,Kajsa Grytt
ENSAM,Kajsa Grytt
STORT NOG SOM DET ÄR,Kajsa Grytt
GALAKSIT,JUPI7ER  (FROM FINLAND)
ONNELLISEKSI,Juju feat. Sere
SAVUAA,Juju feat. Julma Henri
TUSKAA,Juju (Hip Hop)
HULLU,Juju (Hip Hop)
AURINKO,JUJU
LIONS AND LAMBS,Jouni Aslak
NAUTI,Jouni Aslak
TÄNK OM,John Strand
NU NÄR JAG ÄR BORTA,Johan Alander feat. Majk
FALLER,Johan Alander feat. Majk
INBÖRDESKRIGET,Johan Alander feat. Carolina Wallin Perez &amp; Anna Lisa Hellqvist
SOPSÄCK SERENAD,Johan Alander feat. Anna Lisa Hellqvist &amp; Houman Sebghati
VÄLKOMMEN HEM,Johan Alander feat. Anna Lisa Hellqvist
AVDELNING 3B,Johan Alander feat. Abir El Farran
SOMNA INTE OM,Johan Alander feat. Abir El Farran
ÖSTERSÖNDER,Johan Alander
RING POLISEN,Johan Alander
ASKA FEAT. JOHAN KLINGVALL,Johan Alander
HON ÄR SÅ SÖT JOHAN ALANDER VERSION,Johan Alander
MAYBE,JOEL SAHLIN
MORNING SUN,"Joakim Molitor,Corey James"
ALWAYS GONNA SAY SORRY,JOAKIM MOLITOR FEAT. MAIA WRIG
LOVERS ON FILM,Joakim Molitor feat. Cornelia Jakobs
BLUE SKY,"Jason Forté,Feenixpawl"
UNSPOKEN LOSS,JAANI PEUHU
FOLLOW ME,JAANI PEUHU
NO REGRETS,JAANI PEUHU
SVENNESTYLE,ISMEN
PARACHUTE,Isac Elliot feat. Satin Circus
GLITTER,Isac Elliot
SAVE A GIRL,Isac Elliot
ENGINE,Isac Elliot
LOVEWEIGHTS,Indian Summer feat. Shaqdi
ALLT SOM JAG HAR GJORT,HUNDHIMLEN
HALVVÄGS HEM,HUNDHIMLEN
ANDRA SKA TYCKA,Hundhimlen
FANTISERA,Hundhimlen
TUSEN ANDRA PLATSER,Hundhimlen
VÅGORNA,"Hoosam feat. Fille, Amin &amp; I-Smile"
SHARK,Henric de la Cour feat. Susanna Risberg
MANDRILL,Henric de la Cour
CHASING DARK,Henric de la Cour
GRENADE,Henric de la Cour
HANK PSYCHO,Henric de la Cour
BLACKIE LAWLESS,Henric de la Cour
"SIRENS, NO HARBOUR",Henric de la Cour
MAIN VEIN,HENRIC DE LA COUR
RUST ON RUST,HENRIC DE LA COUR
CALL IT IN,HENRIC DE LA COUR
SOUND THE ALARM,HENRIC DE LA COUR
VI SES PÅ LÖRDAG 2,Hela Sveriges Fotbollsklubb
VIVA LA RESISTANCE,Hate Gallery
THE WARNING,Hate Gallery
SATELLITE,Hate Gallery
SECURITY FORCES DEAD JIMMY,Hate Gallery
RATS,Hate Gallery
LOVE SHINE ON,Hate Gallery
SALVATION,Hate Gallery
FREQUENCY,Hate Gallery
THE BECOMING,Hate Gallery
DOMINATION SOUL,Hate Gallery
2 MINUTE HATE,Hate Gallery
FESTER BALER MASKERADER DISCON KLUBBAR FESTIVALER,Hampus Carlsson
STJÄRNSTOFT OCH DAMM,Hampus Carlsson
FLERA METER UNDER MARKEN,Hampus Carlsson
NÅN SOM DU,Hampus Carlsson
FESTER BALER MASKERADER DISCON KLUBBAR FESTIVALER,HAMPUS CARLSSON
WORLD OF DREAMS,Galavant / Mary Jane Smith
BOOGIE FEAT FLEX,"Frej Larsson, Flexx"
MODERN MONEY MECHANICS,Follow Him To The End Of The Desert
BUMPY RIDE,FOLLOW HIM TO THE END OF THE D
DOOMTOWN,FOLLOW HIM TO THE END OF DESERT
FROM BEYOND THE RUINS,FOLLOW HIM TO THE END OF DESERT
HOMICIDE BY COP,FOLLOW HIM TO THE END OF DESERT
KILLING RAP,FOLLOW HIM TO THE END OF DESERT
SPOT THE DIFFERENCE,FOLLOW HIM TO THE END OF DESERT
TIME TO DIE,FOLLOW HIM TO THE END OF DESERT
THE WALK,FOLLOW HIM TO THE END OF DESERT
ENOUGH BLOOD,FOLLOW HIM TO THE END OF DESERT
CRAVING FOR MORE,FLIP FEATURING SHAQDI
ONLY ONE NIGHT,ERROR404 FEAT KODIE & RIGO
STOCKHOLM I APRIL,ERIK SÖDERLIND FEAT. LISA NILS
NOW GO,Erato
EVERBODY'S GOING TO DIE,ERATO
TGIM WALTER MITTY'S MONDAY,Erato
THRILL OF MAKING OUT,ERATO
WISHING,ERATO
MARIESTAD,ERATO
BATTLESHIP,ERATO
HYMN,ERATO
OMG!,Englando
ENDER MED SEX,Englando
"NÄR VI GÅR INN FEAT. ABIDAZ, N & VIKTOR AX",EDW!N FEAT ABIDAZ  N  VIKTOR A
SEVEN COME ELEVEN,E.B. ANDERSON & THE RESOLUTES
TAKE IT BACK,DRUM BROTHERS - SOUL SQUARE
RELATIONSDRAMA,DELGADO
STOPP,DE MONTEVERT
CAT JONES,DE MONTEVERT
JAG VILL HA MER,De Montevert
MONSTER,DE MONTEVERT
POSITIVE EFFECTS,DE MONTEVERT
KÄNSLAN,DC Grimsta
LANGE NAETTER HVOR TIDEN GÅR I STÅ,Danni Toma feat. Lord Siva
TIDEN VENTER PÅ INGEN MAND,Danni Toma
JEG SØGER OG JEG SØGER JEG,DANNI TOMA
TOMME SIDER SOMME TIDER,DANNI TOMA
HVORNÅR BLEV VI ALT DET VI SAGDE VI IKKE VILLE BLIVE,DANNI TOMA
LAD DEM TAGE HVAD JEG HAR,DANNI TOMA
DANS SÅ LÄNGE SOLEN ER UDE,DANNI TOMA
DET SMUKKE VED AT STYRTDYKKE,DANNI TOMA
ALLE HER ER LYKKELIGE,Danni Toma
SELV NÅR JEG FÅR HVAD JEG ÖNSKER,DANNI TOMA
GRÅ,DANNI TOMA
NY START,Dani M.
GÖRA DET SOM MIG,Dani M.
MIN GRIND,Dani M.
INGENTING BELÄSH,Dani M.
REGISSÖREN,Dani M.
HELA LIVET,Dani M.
I'M THE WAR,Colorblue
INGET PERSONAL,CHRIS O FADA
CHRISTMAS TIME,Chris (2)
SUPERMAN,CASTELL
IL TEMPO GRANDE,BYGDEN
MARIA,BYGDEN
MANTRA FOR PEACE SHANTI MANTRA,BOSSE SKOGLUND AND ZILVERSURF
WISDOM & KNOWLEDGE OM SARASWATHYAI NAMAHA,BOSSE SKOGLUND AND ZILVERSURF
MORNING GREETINGS SUBRABHATAM,BOSSE SKOGLUND AND ZILVERSURF
TO MAKE DIFFICULTIES DISAPPEAR JAYA JAYA SHANKARA,BOSSE SKOGLUND AND ZILVERSURF
HEALTH & HAPPINESS AMME NARAYANA,BOSSE SKOGLUND AND ZILVERSURF
FEMALE POWER OM SHAKTI OM,BOSSE SKOGLUND AND ZILVERSURF
THE TEMPLE CALLED UNIVERSE NAMO NARAYANA,BOSSE SKOGLUND AND ZILVERSURF
NO EVIL SPIRITS LAKSHMI NARASIMHA,BOSSE SKOGLUND AND ZILVERSURF
THE SONG OF ETERNITY OM,BOSSE SKOGLUND AND ZILVERSURF
PEACE DUB,BOSSE SKOGLUND AND ZILVERSURF
WISDOM DUB,BOSSE SKOGLUND AND ZILVERSURF
PROSPERITY DUB,BOSSE SKOGLUND AND ZILVERSURF
MORNING DUB,BOSSE SKOGLUND AND ZILVERSURF
HEALTH DUB,BOSSE SKOGLUND AND ZILVERSURF
FEMALE DUB,BOSSE SKOGLUND AND ZILVERSURF
TEMPLE DUB,BOSSE SKOGLUND AND ZILVERSURF
ETERNITY DUB,BOSSE SKOGLUND AND ZILVERSURF
NI KOMMER ATT GÅ UNDER,BOB MALMSTRÖM
TUFF KÄRLEK,Blezz
TUFF KÄRLEK,Blezz
FRI,Benal feat. Suspekt
KNIV,Benal feat. Nixen
DET BLÆSER OP,Benal feat. Loke Deph & Semih Automatisk
TATOVERING,Benal feat. Klamfyr
SPROG FEAT. KATINKA,Benal feat. Katinka
DU HAR ALDRIG SAVNET NOGEN,Benal feat. Bashir Billow
BOOTYCALL,BENAL
HIPHOP,BENAL
TRANCER,Benal
TECHNO TAARER,BENAL
BENALGORYTMEN,BENAL
ARRESTED DEVELOPMENT,BENAL
BANANBÅDEN,BENAL
TÆT,Benal
JEG VENTER,Benal
BADESALT,Benal
INTRO7,Benal
GENERT,Benal
OUTROVERT,Benal
BARE GERNE,Benal
HUN,BENAL
TRANSITION,BENAL
HÅND I HÅND,Benal
JEG HAR BRUG FOR GO' VIN...,Benal
PLENTY MORE FISH,AYOE
DANCE,Artymove
MONKEY BIZ,Antone Mecca featuring Progress Evolution
THROUGH THE ASHES CAME FIRE,Antone Mecca
STILL STANDING,ANDALO FEAT. KODIE
STÄNGER NER DOM,Alex Ceesay feat. Salle & N
INGENTING,Aleks feat. Abidaz
OI OI,Afromikko
RAKKAUS,Afromikko
MIGHTY,ADAM RICKFORS FEAT. MARYLIN
BORN 2 LOVE,Adam Elma feat. Killington
GIVING IT UP,Ace of Base
POLE POSITION,Ace of Base
MOMENT OF MAGIC,Ace of Base
COME TO ME,Ace of Base
MAKE MY DAY,Ace of Base
PRIME TIME,Ace of Base
WOULD YOU BELIEVE,Ace of Base
WOULD YOU BELIEVE,Ace of Base
GO GO GO,Ace of Base
SUNSET IN SOUTHERN CALIFORNIA,Ace of Base
CUBA CUBA LIBRE,ACE OF BASE
SUN,Ace of Base